{
  "version": 1,
  "author": "Embedded C ES",
  "editor": "wokwi",
  "parts": [
    {
      "type": "board-st-nucleo-c031c6",
      "id": "nucleo",
      "top": -18.37,
      "left": -39.38,
      "attrs": {}
    },
    {
      "type": "wokwi-pushbutton",
      "id": "btn1",
      "top": 236.6,
      "left": 364.8,
      "attrs": { "color": "yellow", "label": "Change Color" }
    },
    {
      "type": "wokwi-pushbutton",
      "id": "btn2",
      "top": 159.8,
      "left": 364.8,
      "attrs": { "color": "green", "label": "Change Duration" }
    },
    {
      "type": "wokwi-rgb-led",
      "id": "rgb1",
      "top": 52,
      "left": 250.7,
      "attrs": { "common": "cathode" }
    }
  ],
  "connections": [
    [ "$serialMonitor:TX", "nucleo:PA3", "", [] ],
    [ "$serialMonitor:RX", "nucleo:PA2", "", [] ],
    [ "rgb1:COM", "nucleo:GND.9", "black", [ "v0" ] ],
    [ "rgb1:R", "nucleo:D13", "red", [ "v0" ] ],
    [ "rgb1:G", "nucleo:D12", "green", [ "v0" ] ],
    [ "rgb1:B", "nucleo:D11", "blue", [ "v0" ] ],
    [ "btn2:2.l", "nucleo:D7", "green", [ "h-57.6", "v19.4" ] ],
    [ "btn1:2.l", "nucleo:D6", "green", [ "h-57.6", "v-47.8" ] ],
    [ "nucleo:GND.9", "btn2:1.l", "black", [ "h160.85", "v38.4", "h-28.8" ] ],
    [ "nucleo:GND.9", "btn1:1.l", "black", [ "h160.85", "v115.2" ] ]
  ],
  "dependencies": {}
}